分类,选题,目标人群,核心价值,内容形式,优先级,备注
痛点,"客户说""价格太高""怎么办",外贸业务员,给3套话术,口播,高,评论区高频问题
痛点,发了100封开发信0回复,外贸新人,排查清单,图文,高,可做成连载
痛点,客户下单后突然失联,外贸业务员,应对流程,图文,中,
干货,开发信标题的6种写法,外贸新人,可直接套用,图文,高,收藏率高
干货,Incoterms 最容易被误解的3条,外贸新人,避坑,图文,高,
干货,如何用海关数据选品,创业型卖家,方法论+工具,长文,中,
干货,报价单模板逐项讲解,外贸新人,模板+解释,图文,高,可挂下载
故事,我的第一个10万美金订单,泛外贸人群,情绪+激励,口播,中,
故事,第一次参加展会我做了什么蠢事,外贸新人,共鸣,口播,中,
观点,低价接单是慢性自杀,从业者,立场表达,图文,中,容易引战但涨粉
观点,B2B平台还有没有未来,从业者,行业判断,长文,低,
互动,你遇到的奇葩客户,泛外贸人群,引发讨论,图文,中,
工具,我常用的5个外贸工具,外贸新人,提升效率,图文,高,可带货
工具,汇率换算与成本核算表,创业型卖家,实用,图文,中,可挂下载